Code Domaine,Domaine,Code zone (M49),Zone,Code Élément,Élément,Code Produit,Produit,Code année,Année,Unité,Valeur,Symbole,Description du Symbole,Note
"MK","Indicateurs macro","004","Afghanistan","6119","Valeur US $ par habitant","22008","Produit Intérieur Brut","2017","2017","US$","530.149831","X","Ciffre de sources internationales",""
"MK","Indicateurs macro","004","Afghanistan","6129","Croissance annuelle US$","22008","Produit Intérieur Brut","2017","2017","%","4.865789","X","Ciffre de sources internationales",""
"MK","Indicateurs macro","710","Afrique du Sud","6119","Valeur US $ par habitant","22008","Produit Intérieur Brut","2017","2017","US$","6723.928582","X","Ciffre de sources internationales",""
"MK","Indicateurs macro","710","Afrique du Sud","6129","Croissance annuelle US$","22008","Produit Intérieur Brut","2017","2017","%","17.703799","X","Ciffre de sources internationales",""
"MK","Indicateurs macro","008","Albanie","6119","Valeur US $ par habitant","22008","Produit Intérieur Brut","2017","2017","US$","4521.752217","X","Ciffre de sources internationales",""
"MK","Indicateurs macro","008","Albanie","6129","Croissance annuelle US$","22008","Produit Intérieur Brut","2017","2017","%","9.765943","X","Ciffre de sources internationales",""
"MK","Indicateurs macro","012","Algérie","6119","Valeur US $ par habitant","22008","Produit Intérieur Brut","2017","2017","US$","4134.936055","X","Ciffre de sources internationales",""
"MK","Indicateurs macro","012","Algérie","6129","Croissance annuelle US$","22008","Produit Intérieur Brut","2017","2017","%","6.287892","X","Ciffre de sources internationales",""
"MK","Indicateurs macro","276","Allemagne","6119","Valeur US $ par habitant","22008","Produit Intérieur Brut","2017","2017","US$","44670.222282","X","Ciffre de sources internationales",""
"MK","Indicateurs macro","276","Allemagne","6129","Croissance annuelle US$","22008","Produit Intérieur Brut","2017","2017","%","6.441276","X","Ciffre de sources internationales",""
"MK","Indicateurs macro","020","Andorre","6119","Valeur US $ par habitant","22008","Produit Intérieur Brut","2017","2017","US$","40632.206416","X","Ciffre de sources internationales",""
"MK","Indicateurs macro","020","Andorre","6129","Croissance annuelle US$","22008","Produit Intérieur Brut","2017","2017","%","3.645144","X","Ciffre de sources internationales",""
"MK","Indicateurs macro","024","Angola","6119","Valeur US $ par habitant","22008","Produit Intérieur Brut","2017","2017","US$","4042.681403","X","Ciffre de sources internationales",""
"MK","Indicateurs macro","024","Angola","6129","Croissance annuelle US$","22008","Produit Intérieur Brut","2017","2017","%","20.766646","X","Ciffre de sources internationales",""
"MK","Indicateurs macro","660","Anguilla","6119","Valeur US $ par habitant","22008","Produit Intérieur Brut","2017","2017","US$","18718.318718","X","Ciffre de sources internationales",""
"MK","Indicateurs macro","660","Anguilla","6129","Croissance annuelle US$","22008","Produit Intérieur Brut","2017","2017","%","-11.826221","X","Ciffre de sources internationales",""
"MK","Indicateurs macro","028","Antigua-et-Barbuda","6119","Valeur US $ par habitant","22008","Produit Intérieur Brut","2017","2017","US$","16110.556281","X","Ciffre de sources internationales",""
"MK","Indicateurs macro","028","Antigua-et-Barbuda","6129","Croissance annuelle US$","22008","Produit Intérieur Brut","2017","2017","%","2.185223","X","Ciffre de sources internationales",""
"MK","Indicateurs macro","682","Arabie saoudite","6119","Valeur US $ par habitant","22008","Produit Intérieur Brut","2017","2017","US$","20138.146333","X","Ciffre de sources internationales",""
"MK","Indicateurs macro","682","Arabie saoudite","6129","Croissance annuelle US$","22008","Produit Intérieur Brut","2017","2017","%","6.76818","X","Ciffre de sources internationales",""
"MK","Indicateurs macro","032","Argentine","6119","Valeur US $ par habitant","22008","Produit Intérieur Brut","2017","2017","US$","14609.78337","X","Ciffre de sources internationales",""
"MK","Indicateurs macro","032","Argentine","6129","Croissance annuelle US$","22008","Produit Intérieur Brut","2017","2017","%","15.442347","X","Ciffre de sources internationales",""
"MK","Indicateurs macro","051","Arménie","6119","Valeur US $ par habitant","22008","Produit Intérieur Brut","2017","2017","US$","4041.995072","X","Ciffre de sources internationales",""
"MK","Indicateurs macro","051","Arménie","6129","Croissance annuelle US$","22008","Produit Intérieur Brut","2017","2017","%","9.305042","X","Ciffre de sources internationales",""
"MK","Indicateurs macro","533","Aruba","6119","Valeur US $ par habitant","22008","Produit Intérieur Brut","2017","2017","US$","29329.092343","X","Ciffre de sources internationales",""
"MK","Indicateurs macro","533","Aruba","6129","Croissance annuelle US$","22008","Produit Intérieur Brut","2017","2017","%","3.646331","X","Ciffre de sources internationales",""
"MK","Indicateurs macro","036","Australie","6119","Valeur US $ par habitant","22008","Produit Intérieur Brut","2017","2017","US$","57430.803788","X","Ciffre de sources internationales",""
"MK","Indicateurs macro","036","Australie","6129","Croissance annuelle US$","22008","Produit Intérieur Brut","2017","2017","%","8.013321","X","Ciffre de sources internationales",""
"MK","Indicateurs macro","040","Autriche","6119","Valeur US $ par habitant","22008","Produit Intérieur Brut","2017","2017","US$","47429.535841","X","Ciffre de sources internationales",""
"MK","Indicateurs macro","040","Autriche","6129","Croissance annuelle US$","22008","Produit Intérieur Brut","2017","2017","%","5.483879","X","Ciffre de sources internationales",""
"MK","Indicateurs macro","031","Azerbaïdjan","6119","Valeur US $ par habitant","22008","Produit Intérieur Brut","2017","2017","US$","4057.624007","X","Ciffre de sources internationales",""
"MK","Indicateurs macro","031","Azerbaïdjan","6129","Croissance annuelle US$","22008","Produit Intérieur Brut","2017","2017","%","7.921473","X","Ciffre de sources internationales",""
"MK","Indicateurs macro","044","Bahamas","6119","Valeur US $ par habitant","22008","Produit Intérieur Brut","2017","2017","US$","30969.876197","X","Ciffre de sources internationales",""
"MK","Indicateurs macro","044","Bahamas","6129","Croissance annuelle US$","22008","Produit Intérieur Brut","2017","2017","%","4.419245","X","Ciffre de sources internationales",""
"MK","Indicateurs macro","048","Bahreïn","6119","Valeur US $ par habitant","22008","Produit Intérieur Brut","2017","2017","US$","24349.836847","X","Ciffre de sources internationales",""
"MK","Indicateurs macro","048","Bahreïn","6129","Croissance annuelle US$","22008","Produit Intérieur Brut","2017","2017","%","10.046698","X","Ciffre de sources internationales",""
"MK","Indicateurs macro","050","Bangladesh","6119","Valeur US $ par habitant","22008","Produit Intérieur Brut","2017","2017","US$","1785.962903","X","Ciffre de sources internationales",""
"MK","Indicateurs macro","050","Bangladesh","6129","Croissance annuelle US$","22008","Produit Intérieur Brut","2017","2017","%","9.487237","X","Ciffre de sources internationales",""
"MK","Indicateurs macro","052","Barbade","6119","Valeur US $ par habitant","22008","Produit Intérieur Brut","2017","2017","US$","17843.196496","X","Ciffre de sources internationales",""
"MK","Indicateurs macro","052","Barbade","6129","Croissance annuelle US$","22008","Produit Intérieur Brut","2017","2017","%","3.078466","X","Ciffre de sources internationales",""
"MK","Indicateurs macro","112","Bélarus","6119","Valeur US $ par habitant","22008","Produit Intérieur Brut","2017","2017","US$","5637.218565","X","Ciffre de sources internationales",""
"MK","Indicateurs macro","112","Bélarus","6129","Croissance annuelle US$","22008","Produit Intérieur Brut","2017","2017","%","14.671728","X","Ciffre de sources internationales",""
"MK","Indicateurs macro","056","Belgique","6119","Valeur US $ par habitant","22008","Produit Intérieur Brut","2017","2017","US$","44162.256256","X","Ciffre de sources internationales",""
"MK","Indicateurs macro","056","Belgique","6129","Croissance annuelle US$","22008","Produit Intérieur Brut","2017","2017","%","5.680656","X","Ciffre de sources internationales",""
"MK","Indicateurs macro","084","Belize","6119","Valeur US $ par habitant","22008","Produit Intérieur Brut","2017","2017","US$","6101.585949","X","Ciffre de sources internationales",""
"MK","Indicateurs macro","084","Belize","6129","Croissance annuelle US$","22008","Produit Intérieur Brut","2017","2017","%","1.230565","X","Ciffre de sources internationales",""
"MK","Indicateurs macro","204","Bénin","6119","Valeur US $ par habitant","22008","Produit Intérieur Brut","2017","2017","US$","1095.274459","X","Ciffre de sources internationales",""
"MK","Indicateurs macro","204","Bénin","6129","Croissance annuelle US$","22008","Produit Intérieur Brut","2017","2017","%","7.449328","X","Ciffre de sources internationales",""
"MK","Indicateurs macro","060","Bermudes","6119","Valeur US $ par habitant","22008","Produit Intérieur Brut","2017","2017","US$","112877.376531","X","Ciffre de sources internationales",""
"MK","Indicateurs macro","060","Bermudes","6129","Croissance annuelle US$","22008","Produit Intérieur Brut","2017","2017","%","3.513146","X","Ciffre de sources internationales",""
"MK","Indicateurs macro","064","Bhoutan","6119","Valeur US $ par habitant","22008","Produit Intérieur Brut","2017","2017","US$","3240.706602","X","Ciffre de sources internationales",""
"MK","Indicateurs macro","064","Bhoutan","6129","Croissance annuelle US$","22008","Produit Intérieur Brut","2017","2017","%","13.496635","X","Ciffre de sources internationales",""
"MK","Indicateurs macro","068","Bolivie (État plurinational de)","6119","Valeur US $ par habitant","22008","Produit Intérieur Brut","2017","2017","US$","3280.01179","X","Ciffre de sources internationales",""
"MK","Indicateurs macro","068","Bolivie (État plurinational de)","6129","Croissance annuelle US$","22008","Produit Intérieur Brut","2017","2017","%","10.511015","X","Ciffre de sources internationales",""
"MK","Indicateurs macro","070","Bosnie-Herzégovine","6119","Valeur US $ par habitant","22008","Produit Intérieur Brut","2017","2017","US$","5255.95028","X","Ciffre de sources internationales",""
"MK","Indicateurs macro","070","Bosnie-Herzégovine","6129","Croissance annuelle US$","22008","Produit Intérieur Brut","2017","2017","%","6.903897","X","Ciffre de sources internationales",""
"MK","Indicateurs macro","072","Botswana","6119","Valeur US $ par habitant","22008","Produit Intérieur Brut","2017","2017","US$","6705.339802","X","Ciffre de sources internationales",""
"MK","Indicateurs macro","072","Botswana","6129","Croissance annuelle US$","22008","Produit Intérieur Brut","2017","2017","%","6.779398","X","Ciffre de sources internationales",""
"MK","Indicateurs macro","076","Brésil","6119","Valeur US $ par habitant","22008","Produit Intérieur Brut","2017","2017","US$","9896.717511","X","Ciffre de sources internationales",""
"MK","Indicateurs macro","076","Brésil","6129","Croissance annuelle US$","22008","Produit Intérieur Brut","2017","2017","%","14.914653","X","Ciffre de sources internationales",""
"MK","Indicateurs macro","096","Brunéi Darussalam","6119","Valeur US $ par habitant","22008","Produit Intérieur Brut","2017","2017","US$","28186.946531","X","Ciffre de sources internationales",""
"MK","Indicateurs macro","096","Brunéi Darussalam","6129","Croissance annuelle US$","22008","Produit Intérieur Brut","2017","2017","%","6.384935","X","Ciffre de sources internationales",""
"MK","Indicateurs macro","100","Bulgarie","6119","Valeur US $ par habitant","22008","Produit Intérieur Brut","2017","2017","US$","8242.455771","X","Ciffre de sources internationales",""
"MK","Indicateurs macro","100","Bulgarie","6129","Croissance annuelle US$","22008","Produit Intérieur Brut","2017","2017","%","9.727447","X","Ciffre de sources internationales",""
"MK","Indicateurs macro","854","Burkina Faso","6119","Valeur US $ par habitant","22008","Produit Intérieur Brut","2017","2017","US$","711.184631","X","Ciffre de sources internationales",""
"MK","Indicateurs macro","854","Burkina Faso","6129","Croissance annuelle US$","22008","Produit Intérieur Brut","2017","2017","%","9.924131","X","Ciffre de sources internationales",""
"MK","Indicateurs macro","108","Burundi","6119","Valeur US $ par habitant","22008","Produit Intérieur Brut","2017","2017","US$","295.620936","X","Ciffre de sources internationales",""
"MK","Indicateurs macro","108","Burundi","6129","Croissance annuelle US$","22008","Produit Intérieur Brut","2017","2017","%","12.550477","X","Ciffre de sources internationales",""
"MK","Indicateurs macro","132","Cabo Verde","6119","Valeur US $ par habitant","22008","Produit Intérieur Brut","2017","2017","US$","3132.620588","X","Ciffre de sources internationales",""
"MK","Indicateurs macro","132","Cabo Verde","6129","Croissance annuelle US$","22008","Produit Intérieur Brut","2017","2017","%","6.420606","X","Ciffre de sources internationales",""
"MK","Indicateurs macro","116","Cambodge","6119","Valeur US $ par habitant","22008","Produit Intérieur Brut","2017","2017","US$","1400.899268","X","Ciffre de sources internationales",""
"MK","Indicateurs macro","116","Cambodge","6129","Croissance annuelle US$","22008","Produit Intérieur Brut","2017","2017","%","10.793179","X","Ciffre de sources internationales",""
"MK","Indicateurs macro","120","Cameroun","6119","Valeur US $ par habitant","22008","Produit Intérieur Brut","2017","2017","US$","1479.862223","X","Ciffre de sources internationales",""
"MK","Indicateurs macro","120","Cameroun","6129","Croissance annuelle US$","22008","Produit Intérieur Brut","2017","2017","%","6.755152","X","Ciffre de sources internationales",""
"MK","Indicateurs macro","124","Canada","6119","Valeur US $ par habitant","22008","Produit Intérieur Brut","2017","2017","US$","45125.109808","X","Ciffre de sources internationales",""
"MK","Indicateurs macro","124","Canada","6129","Croissance annuelle US$","22008","Produit Intérieur Brut","2017","2017","%","7.935525","X","Ciffre de sources internationales",""
"MK","Indicateurs macro","152","Chili","6119","Valeur US $ par habitant","22008","Produit Intérieur Brut","2017","2017","US$","15081.989132","X","Ciffre de sources internationales",""
"MK","Indicateurs macro","152","Chili","6129","Croissance annuelle US$","22008","Produit Intérieur Brut","2017","2017","%","10.619121","X","Ciffre de sources internationales",""
"MK","Indicateurs macro","159","Chine","6119","Valeur US $ par habitant","22008","Produit Intérieur Brut","2017","2017","US$","8955.455544","X","Ciffre de sources internationales",""
"MK","Indicateurs macro","159","Chine","6129","Croissance annuelle US$","22008","Produit Intérieur Brut","2017","2017","%","9.508893","X","Ciffre de sources internationales",""
"MK","Indicateurs macro","344","Chine - RAS de Hong-Kong","6119","Valeur US $ par habitant","22008","Produit Intérieur Brut","2017","2017","US$","45737.483211","X","Ciffre de sources internationales",""
"MK","Indicateurs macro","344","Chine - RAS de Hong-Kong","6129","Croissance annuelle US$","22008","Produit Intérieur Brut","2017","2017","%","6.361267","X","Ciffre de sources internationales",""
"MK","Indicateurs macro","446","Chine - RAS de Macao","6119","Valeur US $ par habitant","22008","Produit Intérieur Brut","2017","2017","US$","78985.632295","X","Ciffre de sources internationales",""
"MK","Indicateurs macro","446","Chine - RAS de Macao","6129","Croissance annuelle US$","22008","Produit Intérieur Brut","2017","2017","%","11.91487","X","Ciffre de sources internationales",""
"MK","Indicateurs macro","156","Chine, continentale","6119","Valeur US $ par habitant","22008","Produit Intérieur Brut","2017","2017","US$","8729.13693","X","Ciffre de sources internationales",""
"MK","Indicateurs macro","156","Chine, continentale","6129","Croissance annuelle US$","22008","Produit Intérieur Brut","2017","2017","%","9.589146","X","Ciffre de sources internationales",""
"MK","Indicateurs macro","196","Chypre","6119","Valeur US $ par habitant","22008","Produit Intérieur Brut","2017","2017","US$","18987.256286","X","Ciffre de sources internationales",""
"MK","Indicateurs macro","196","Chypre","6129","Croissance annuelle US$","22008","Produit Intérieur Brut","2017","2017","%","9.102202","X","Ciffre de sources internationales",""
"MK","Indicateurs macro","170","Colombie","6119","Valeur US $ par habitant","22008","Produit Intérieur Brut","2017","2017","US$","6450.319585","X","Ciffre de sources internationales",""
"MK","Indicateurs macro","170","Colombie","6129","Croissance annuelle US$","22008","Produit Intérieur Brut","2017","2017","%","10.274451","X","Ciffre de sources internationales",""
"MK","Indicateurs macro","174","Comores","6119","Valeur US $ par habitant","22008","Produit Intérieur Brut","2017","2017","US$","1414.586689","X","Ciffre de sources internationales",""
"MK","Indicateurs macro","174","Comores","6129","Croissance annuelle US$","22008","Produit Intérieur Brut","2017","2017","%","6.450871","X","Ciffre de sources internationales",""
"MK","Indicateurs macro","178","Congo","6119","Valeur US $ par habitant","22008","Produit Intérieur Brut","2017","2017","US$","2088.500217","X","Ciffre de sources internationales",""
"MK","Indicateurs macro","178","Congo","6129","Croissance annuelle US$","22008","Produit Intérieur Brut","2017","2017","%","8.566912","X","Ciffre de sources internationales",""
"MK","Indicateurs macro","188","Costa Rica","6119","Valeur US $ par habitant","22008","Produit Intérieur Brut","2017","2017","US$","12118.133618","X","Ciffre de sources internationales",""
"MK","Indicateurs macro","188","Costa Rica","6129","Croissance annuelle US$","22008","Produit Intérieur Brut","2017","2017","%","2.836209","X","Ciffre de sources internationales",""
"MK","Indicateurs macro","384","Côte d'Ivoire","6119","Valeur US $ par habitant","22008","Produit Intérieur Brut","2017","2017","US$","2076.147823","X","Ciffre de sources internationales",""
"MK","Indicateurs macro","384","Côte d'Ivoire","6129","Croissance annuelle US$","22008","Produit Intérieur Brut","2017","2017","%","7.555465","X","Ciffre de sources internationales",""
"MK","Indicateurs macro","191","Croatie","6119","Valeur US $ par habitant","22008","Produit Intérieur Brut","2017","2017","US$","13434.533984","X","Ciffre de sources internationales",""
"MK","Indicateurs macro","191","Croatie","6129","Croissance annuelle US$","22008","Produit Intérieur Brut","2017","2017","%","7.493394","X","Ciffre de sources internationales",""
"MK","Indicateurs macro","192","Cuba","6119","Valeur US $ par habitant","22008","Produit Intérieur Brut","2017","2017","US$","8543.360968","X","Ciffre de sources internationales",""
"MK","Indicateurs macro","192","Cuba","6129","Croissance annuelle US$","22008","Produit Intérieur Brut","2017","2017","%","5.998686","X","Ciffre de sources internationales",""
"MK","Indicateurs macro","531","Curaçao","6119","Valeur US $ par habitant","22008","Produit Intérieur Brut","2017","2017","US$","17545.633303","X","Ciffre de sources internationales",""
"MK","Indicateurs macro","531","Curaçao","6129","Croissance annuelle US$","22008","Produit Intérieur Brut","2017","2017","%","-0.174191","X","Ciffre de sources internationales",""
"MK","Indicateurs macro","208","Danemark","6119","Valeur US $ par habitant","22008","Produit Intérieur Brut","2017","2017","US$","57888.203513","X","Ciffre de sources internationales",""
"MK","Indicateurs macro","208","Danemark","6129","Croissance annuelle US$","22008","Produit Intérieur Brut","2017","2017","%","6.069679","X","Ciffre de sources internationales",""
"MK","Indicateurs macro","262","Djibouti","6119","Valeur US $ par habitant","22008","Produit Intérieur Brut","2017","2017","US$","2659.85416","X","Ciffre de sources internationales",""
"MK","Indicateurs macro","262","Djibouti","6129","Croissance annuelle US$","22008","Produit Intérieur Brut","2017","2017","%","5.662606","X","Ciffre de sources internationales",""
"MK","Indicateurs macro","212","Dominique","6119","Valeur US $ par habitant","22008","Produit Intérieur Brut","2017","2017","US$","7395.991648","X","Ciffre de sources internationales",""
"MK","Indicateurs macro","212","Dominique","6129","Croissance annuelle US$","22008","Produit Intérieur Brut","2017","2017","%","-9.636719","X","Ciffre de sources internationales",""
"MK","Indicateurs macro","818","Égypte","6119","Valeur US $ par habitant","22008","Produit Intérieur Brut","2017","2017","US$","1917.049576","X","Ciffre de sources internationales",""
"MK","Indicateurs macro","818","Égypte","6129","Croissance annuelle US$","22008","Produit Intérieur Brut","2017","2017","%","-27.795932","X","Ciffre de sources internationales",""
"MK","Indicateurs macro","222","El Salvador","6119","Valeur US $ par habitant","22008","Produit Intérieur Brut","2017","2017","US$","3986.049014","X","Ciffre de sources internationales",""
"MK","Indicateurs macro","222","El Salvador","6129","Croissance annuelle US$","22008","Produit Intérieur Brut","2017","2017","%","3.256359","X","Ciffre de sources internationales",""
"MK","Indicateurs macro","784","Émirats arabes unis","6119","Valeur US $ par habitant","22008","Produit Intérieur Brut","2017","2017","US$","42522.377617","X","Ciffre de sources internationales",""
"MK","Indicateurs macro","784","Émirats arabes unis","6129","Croissance annuelle US$","22008","Produit Intérieur Brut","2017","2017","%","7.999086","X","Ciffre de sources internationales",""
"MK","Indicateurs macro","218","Équateur","6119","Valeur US $ par habitant","22008","Produit Intérieur Brut","2017","2017","US$","6246.404252","X","Ciffre de sources internationales",""
"MK","Indicateurs macro","218","Équateur","6129","Croissance annuelle US$","22008","Produit Intérieur Brut","2017","2017","%","4.360883","X","Ciffre de sources internationales",""
"MK","Indicateurs macro","232","Érythrée","6119","Valeur US $ par habitant","22008","Produit Intérieur Brut","2017","2017","US$","560.495845","X","Ciffre de sources internationales",""
"MK","Indicateurs macro","232","Érythrée","6129","Croissance annuelle US$","22008","Produit Intérieur Brut","2017","2017","%","-12.409467","X","Ciffre de sources internationales",""
"MK","Indicateurs macro","724","Espagne","6119","Valeur US $ par habitant","22008","Produit Intérieur Brut","2017","2017","US$","28190.806667","X","Ciffre de sources internationales",""
"MK","Indicateurs macro","724","Espagne","6129","Croissance annuelle US$","22008","Produit Intérieur Brut","2017","2017","%","6.532538","X","Ciffre de sources internationales",""
"MK","Indicateurs macro","233","Estonie","6119","Valeur US $ par habitant","22008","Produit Intérieur Brut","2017","2017","US$","20435.205904","X","Ciffre de sources internationales",""
"MK","Indicateurs macro","233","Estonie","6129","Croissance annuelle US$","22008","Produit Intérieur Brut","2017","2017","%","11.921513","X","Ciffre de sources internationales",""
"MK","Indicateurs macro","748","Eswatini","6119","Valeur US $ par habitant","22008","Produit Intérieur Brut","2017","2017","US$","3822.79341","X","Ciffre de sources internationales",""
"MK","Indicateurs macro","748","Eswatini","6129","Croissance annuelle US$","22008","Produit Intérieur Brut","2017","2017","%","15.343499","X","Ciffre de sources internationales",""
"MK","Indicateurs macro","840","États-Unis d'Amérique","6119","Valeur US $ par habitant","22008","Produit Intérieur Brut","2017","2017","US$","59059.596403","X","Ciffre de sources internationales",""
"MK","Indicateurs macro","840","États-Unis d'Amérique","6129","Croissance annuelle US$","22008","Produit Intérieur Brut","2017","2017","%","4.184148","X","Ciffre de sources internationales",""
"MK","Indicateurs macro","231","Éthiopie","6119","Valeur US $ par habitant","22008","Produit Intérieur Brut","2017","2017","US$","709.761008","X","Ciffre de sources internationales",""
"MK","Indicateurs macro","231","Éthiopie","6129","Croissance annuelle US$","22008","Produit Intérieur Brut","2017","2017","%","6.426252","X","Ciffre de sources internationales",""
"MK","Indicateurs macro","643","Fédération de Russie","6119","Valeur US $ par habitant","22008","Produit Intérieur Brut","2017","2017","US$","10822.77025","X","Ciffre de sources internationales",""
"MK","Indicateurs macro","643","Fédération de Russie","6129","Croissance annuelle US$","22008","Produit Intérieur Brut","2017","2017","%","23.293874","X","Ciffre de sources internationales",""
"MK","Indicateurs macro","242","Fidji","6119","Valeur US $ par habitant","22008","Produit Intérieur Brut","2017","2017","US$","5825.224293","X","Ciffre de sources internationales",""
"MK","Indicateurs macro","242","Fidji","6129","Croissance annuelle US$","22008","Produit Intérieur Brut","2017","2017","%","8.584707","X","Ciffre de sources internationales",""
"MK","Indicateurs macro","246","Finlande","6119","Valeur US $ par habitant","22008","Produit Intérieur Brut","2017","2017","US$","46412.760009","X","Ciffre de sources internationales",""
"MK","Indicateurs macro","246","Finlande","6129","Croissance annuelle US$","22008","Produit Intérieur Brut","2017","2017","%","6.250863","X","Ciffre de sources internationales",""
"MK","Indicateurs macro","250","France","6119","Valeur US $ par habitant","22008","Produit Intérieur Brut","2017","2017","US$","40458.149878","X","Ciffre de sources internationales",""
"MK","Indicateurs macro","250","France","6129","Croissance annuelle US$","22008","Produit Intérieur Brut","2017","2017","%","5.012186","X","Ciffre de sources internationales",""
"MK","Indicateurs macro","266","Gabon","6119","Valeur US $ par habitant","22008","Produit Intérieur Brut","2017","2017","US$","6975.769483","X","Ciffre de sources internationales",""
"MK","Indicateurs macro","266","Gabon","6129","Croissance annuelle US$","22008","Produit Intérieur Brut","2017","2017","%","6.459128","X","Ciffre de sources internationales",""
"MK","Indicateurs macro","270","Gambie","6119","Valeur US $ par habitant","22008","Produit Intérieur Brut","2017","2017","US$","632.019869","X","Ciffre de sources internationales",""
"MK","Indicateurs macro","270","Gambie","6129","Croissance annuelle US$","22008","Produit Intérieur Brut","2017","2017","%","2.569455","X","Ciffre de sources internationales",""
"MK","Indicateurs macro","268","Géorgie","6119","Valeur US $ par habitant","22008","Produit Intérieur Brut","2017","2017","US$","4306.234809","X","Ciffre de sources internationales",""
"MK","Indicateurs macro","268","Géorgie","6129","Croissance annuelle US$","22008","Produit Intérieur Brut","2017","2017","%","7.271943","X","Ciffre de sources internationales",""
"MK","Indicateurs macro","288","Ghana","6119","Valeur US $ par habitant","22008","Produit Intérieur Brut","2017","2017","US$","1998.626958","X","Ciffre de sources internationales",""
"MK","Indicateurs macro","288","Ghana","6129","Croissance annuelle US$","22008","Produit Intérieur Brut","2017","2017","%","7.545342","X","Ciffre de sources internationales",""
"MK","Indicateurs macro","300","Grèce","6119","Valeur US $ par habitant","22008","Produit Intérieur Brut","2017","2017","US$","18690.624484","X","Ciffre de sources internationales",""
"MK","Indicateurs macro","300","Grèce","6129","Croissance annuelle US$","22008","Produit Intérieur Brut","2017","2017","%","3.537187","X","Ciffre de sources internationales",""
"MK","Indicateurs macro","308","Grenade","6119","Valeur US $ par habitant","22008","Produit Intérieur Brut","2017","2017","US$","9309.267842","X","Ciffre de sources internationales",""
"MK","Indicateurs macro","308","Grenade","6129","Croissance annuelle US$","22008","Produit Intérieur Brut","2017","2017","%","6.032658","X","Ciffre de sources internationales",""
"MK","Indicateurs macro","304","Groenland","6119","Valeur US $ par habitant","22008","Produit Intérieur Brut","2017","2017","US$","50987.224252","X","Ciffre de sources internationales",""
"MK","Indicateurs macro","304","Groenland","6129","Croissance annuelle US$","22008","Produit Intérieur Brut","2017","2017","%","5.336778","X","Ciffre de sources internationales",""
"MK","Indicateurs macro","320","Guatemala","6119","Valeur US $ par habitant","22008","Produit Intérieur Brut","2017","2017","US$","4322.031108","X","Ciffre de sources internationales",""
"MK","Indicateurs macro","320","Guatemala","6129","Croissance annuelle US$","22008","Produit Intérieur Brut","2017","2017","%","8.478524","X","Ciffre de sources internationales",""
"MK","Indicateurs macro","324","Guinée","6119","Valeur US $ par habitant","22008","Produit Intérieur Brut","2017","2017","US$","843.464278","X","Ciffre de sources internationales",""
"MK","Indicateurs macro","324","Guinée","6129","Croissance annuelle US$","22008","Produit Intérieur Brut","2017","2017","%","20.000795","X","Ciffre de sources internationales",""
"MK","Indicateurs macro","226","Guinée équatoriale","6119","Valeur US $ par habitant","22008","Produit Intérieur Brut","2017","2017","US$","8410.394419","X","Ciffre de sources internationales",""
"MK","Indicateurs macro","226","Guinée équatoriale","6129","Croissance annuelle US$","22008","Produit Intérieur Brut","2017","2017","%","8.541141","X","Ciffre de sources internationales",""
"MK","Indicateurs macro","624","Guinée-Bissau","6119","Valeur US $ par habitant","22008","Produit Intérieur Brut","2017","2017","US$","718.245738","X","Ciffre de sources internationales",""
"MK","Indicateurs macro","624","Guinée-Bissau","6129","Croissance annuelle US$","22008","Produit Intérieur Brut","2017","2017","%","14.518423","X","Ciffre de sources internationales",""
"MK","Indicateurs macro","328","Guyana","6119","Valeur US $ par habitant","22008","Produit Intérieur Brut","2017","2017","US$","6220.978568","X","Ciffre de sources internationales",""
"MK","Indicateurs macro","328","Guyana","6129","Croissance annuelle US$","22008","Produit Intérieur Brut","2017","2017","%","5.92226","X","Ciffre de sources internationales",""
"MK","Indicateurs macro","332","Haïti","6119","Valeur US $ par habitant","22008","Produit Intérieur Brut","2017","2017","US$","1402.614322","X","Ciffre de sources internationales",""
"MK","Indicateurs macro","332","Haïti","6129","Croissance annuelle US$","22008","Produit Intérieur Brut","2017","2017","%","14.280015","X","Ciffre de sources internationales",""
"MK","Indicateurs macro","340","Honduras","6119","Valeur US $ par habitant","22008","Produit Intérieur Brut","2017","2017","US$","2403.306094","X","Ciffre de sources internationales",""
"MK","Indicateurs macro","340","Honduras","6129","Croissance annuelle US$","22008","Produit Intérieur Brut","2017","2017","%","6.532206","X","Ciffre de sources internationales",""
"MK","Indicateurs macro","348","Hongrie","6119","Valeur US $ par habitant","22008","Produit Intérieur Brut","2017","2017","US$","14619.783288","X","Ciffre de sources internationales",""
"MK","Indicateurs macro","348","Hongrie","6129","Croissance annuelle US$","22008","Produit Intérieur Brut","2017","2017","%","11.276256","X","Ciffre de sources internationales",""
"MK","Indicateurs macro","136","Îles Caïmanes","6119","Valeur US $ par habitant","22008","Produit Intérieur Brut","2017","2017","US$","81255.112457","X","Ciffre de sources internationales",""
"MK","Indicateurs macro","136","Îles Caïmanes","6129","Croissance annuelle US$","22008","Produit Intérieur Brut","2017","2017","%","5.234035","X","Ciffre de sources internationales",""
"MK","Indicateurs macro","184","Îles Cook","6119","Valeur US $ par habitant","22008","Produit Intérieur Brut","2017","2017","US$","19868.295215","X","Ciffre de sources internationales",""
"MK","Indicateurs macro","184","Îles Cook","6129","Croissance annuelle US$","22008","Produit Intérieur Brut","2017","2017","%","11.537686","X","Ciffre de sources internationales",""
"MK","Indicateurs macro","584","Îles Marshall","6119","Valeur US $ par habitant","22008","Produit Intérieur Brut","2017","2017","US$","4515.261195","X","Ciffre de sources internationales",""
"MK","Indicateurs macro","584","Îles Marshall","6129","Croissance annuelle US$","22008","Produit Intérieur Brut","2017","2017","%","5.633935","X","Ciffre de sources internationales",""
"MK","Indicateurs macro","090","Îles Salomon","6119","Valeur US $ par habitant","22008","Produit Intérieur Brut","2017","2017","US$","2283.581124","X","Ciffre de sources internationales",""
"MK","Indicateurs macro","090","Îles Salomon","6129","Croissance annuelle US$","22008","Produit Intérieur Brut","2017","2017","%","6.546216","X","Ciffre de sources internationales",""
"MK","Indicateurs macro","796","Îles Turques-et-Caïques","6119","Valeur US $ par habitant","22008","Produit Intérieur Brut","2017","2017","US$","25659.195864","X","Ciffre de sources internationales",""
"MK","Indicateurs macro","796","Îles Turques-et-Caïques","6129","Croissance annuelle US$","22008","Produit Intérieur Brut","2017","2017","%","-0.976995","X","Ciffre de sources internationales",""
"MK","Indicateurs macro","092","Îles Vierges britanniques","6119","Valeur US $ par habitant","22008","Produit Intérieur Brut","2017","2017","US$","43472.055888","X","Ciffre de sources internationales",""
"MK","Indicateurs macro","092","Îles Vierges britanniques","6129","Croissance annuelle US$","22008","Produit Intérieur Brut","2017","2017","%","-6.860866","X","Ciffre de sources internationales",""
"MK","Indicateurs macro","356","Inde","6119","Valeur US $ par habitant","22008","Produit Intérieur Brut","2017","2017","US$","1937.924543","X","Ciffre de sources internationales",""
"MK","Indicateurs macro","356","Inde","6129","Croissance annuelle US$","22008","Produit Intérieur Brut","2017","2017","%","14.569955","X","Ciffre de sources internationales",""
"MK","Indicateurs macro","360","Indonésie","6119","Valeur US $ par habitant","22008","Produit Intérieur Brut","2017","2017","US$","3839.785075","X","Ciffre de sources internationales",""
"MK","Indicateurs macro","360","Indonésie","6129","Croissance annuelle US$","22008","Produit Intérieur Brut","2017","2017","%","8.986309","X","Ciffre de sources internationales",""
"MK","Indicateurs macro","364","Iran (République islamique d')","6119","Valeur US $ par habitant","22008","Produit Intérieur Brut","2017","2017","US$","5960.707147","X","Ciffre de sources internationales",""
"MK","Indicateurs macro","364","Iran (République islamique d')","6129","Croissance annuelle US$","22008","Produit Intérieur Brut","2017","2017","%","8.073","X","Ciffre de sources internationales",""
"MK","Indicateurs macro","368","Iraq","6119","Valeur US $ par habitant","22008","Produit Intérieur Brut","2017","2017","US$","4725.193371","X","Ciffre de sources internationales",""
"MK","Indicateurs macro","368","Iraq","6129","Croissance annuelle US$","22008","Produit Intérieur Brut","2017","2017","%","12.373862","X","Ciffre de sources internationales",""
"MK","Indicateurs macro","372","Irlande","6119","Valeur US $ par habitant","22008","Produit Intérieur Brut","2017","2017","US$","70491.993292","X","Ciffre de sources internationales",""
"MK","Indicateurs macro","372","Irlande","6129","Croissance annuelle US$","22008","Produit Intérieur Brut","2017","2017","%","12.542957","X","Ciffre de sources internationales",""
"MK","Indicateurs macro","352","Islande","6119","Valeur US $ par habitant","22008","Produit Intérieur Brut","2017","2017","US$","71961.532039","X","Ciffre de sources internationales",""
"MK","Indicateurs macro","352","Islande","6129","Croissance annuelle US$","22008","Produit Intérieur Brut","2017","2017","%","18.925048","X","Ciffre de sources internationales",""
"MK","Indicateurs macro","376","Israël","6119","Valeur US $ par habitant","22008","Produit Intérieur Brut","2017","2017","US$","42756.825063","X","Ciffre de sources internationales",""
"MK","Indicateurs macro","376","Israël","6129","Croissance annuelle US$","22008","Produit Intérieur Brut","2017","2017","%","11.363641","X","Ciffre de sources internationales",""
"MK","Indicateurs macro","380","Italie","6119","Valeur US $ par habitant","22008","Produit Intérieur Brut","2017","2017","US$","32694.406225","X","Ciffre de sources internationales",""
"MK","Indicateurs macro","380","Italie","6129","Croissance annuelle US$","22008","Produit Intérieur Brut","2017","2017","%","4.584649","X","Ciffre de sources internationales",""
"MK","Indicateurs macro","388","Jamaïque","6119","Valeur US $ par habitant","22008","Produit Intérieur Brut","2017","2017","US$","5273.149061","X","Ciffre de sources internationales",""
"MK","Indicateurs macro","388","Jamaïque","6129","Croissance annuelle US$","22008","Produit Intérieur Brut","2017","2017","%","5.1991","X","Ciffre de sources internationales",""
"MK","Indicateurs macro","392","Japon","6119","Valeur US $ par habitant","22008","Produit Intérieur Brut","2017","2017","US$","38928.952604","X","Ciffre de sources internationales",""
"MK","Indicateurs macro","392","Japon","6129","Croissance annuelle US$","22008","Produit Intérieur Brut","2017","2017","%","-1.455735","X","Ciffre de sources internationales",""
"MK","Indicateurs macro","400","Jordanie","6119","Valeur US $ par habitant","22008","Produit Intérieur Brut","2017","2017","US$","4053.539531","X","Ciffre de sources internationales",""
"MK","Indicateurs macro","400","Jordanie","6129","Croissance annuelle US$","22008","Produit Intérieur Brut","2017","2017","%","3.799956","X","Ciffre de sources internationales",""
"MK","Indicateurs macro","398","Kazakhstan","6119","Valeur US $ par habitant","22008","Produit Intérieur Brut","2017","2017","US$","9107.697679","X","Ciffre de sources internationales",""
"MK","Indicateurs macro","398","Kazakhstan","6129","Croissance annuelle US$","22008","Produit Intérieur Brut","2017","2017","%","21.5092","X","Ciffre de sources internationales",""
"MK","Indicateurs macro","404","Kenya","6119","Valeur US $ par habitant","22008","Produit Intérieur Brut","2017","2017","US$","1675.973652","X","Ciffre de sources internationales",""
"MK","Indicateurs macro","404","Kenya","6129","Croissance annuelle US$","22008","Produit Intérieur Brut","2017","2017","%","9.65132","X","Ciffre de sources internationales",""
"MK","Indicateurs macro","417","Kirghizistan","6119","Valeur US $ par habitant","22008","Produit Intérieur Brut","2017","2017","US$","1258.390778","X","Ciffre de sources internationales",""
"MK","Indicateurs macro","417","Kirghizistan","6129","Croissance annuelle US$","22008","Produit Intérieur Brut","2017","2017","%","13.060774","X","Ciffre de sources internationales",""
"MK","Indicateurs macro","296","Kiribati","6119","Valeur US $ par habitant","22008","Produit Intérieur Brut","2017","2017","US$","1563.46714","X","Ciffre de sources internationales",""
"MK","Indicateurs macro","296","Kiribati","6129","Croissance annuelle US$","22008","Produit Intérieur Brut","2017","2017","%","5.426179","X","Ciffre de sources internationales",""
"MK","Indicateurs macro","414","Koweït","6119","Valeur US $ par habitant","22008","Produit Intérieur Brut","2017","2017","US$","29258.289476","X","Ciffre de sources internationales",""
"MK","Indicateurs macro","414","Koweït","6129","Croissance annuelle US$","22008","Produit Intérieur Brut","2017","2017","%","10.311544","X","Ciffre de sources internationales",""
"MK","Indicateurs macro","426","Lesotho","6119","Valeur US $ par habitant","22008","Produit Intérieur Brut","2017","2017","US$","1061.916962","X","Ciffre de sources internationales",""
"MK","Indicateurs macro","426","Lesotho","6129","Croissance annuelle US$","22008","Produit Intérieur Brut","2017","2017","%","9.013722","X","Ciffre de sources internationales",""
"MK","Indicateurs macro","428","Lettonie","6119","Valeur US $ par habitant","22008","Produit Intérieur Brut","2017","2017","US$","15593.840393","X","Ciffre de sources internationales",""
"MK","Indicateurs macro","428","Lettonie","6129","Croissance annuelle US$","22008","Produit Intérieur Brut","2017","2017","%","8.620391","X","Ciffre de sources internationales",""
"MK","Indicateurs macro","422","Liban","6119","Valeur US $ par habitant","22008","Produit Intérieur Brut","2017","2017","US$","8679.897422","X","Ciffre de sources internationales",""
"MK","Indicateurs macro","422","Liban","6129","Croissance annuelle US$","22008","Produit Intérieur Brut","2017","2017","%","3.676384","X","Ciffre de sources internationales",""
"MK","Indicateurs macro","430","Libéria","6119","Valeur US $ par habitant","22008","Produit Intérieur Brut","2017","2017","US$","576.029301","X","Ciffre de sources internationales",""
"MK","Indicateurs macro","430","Libéria","6129","Croissance annuelle US$","22008","Produit Intérieur Brut","2017","2017","%","0.217627","X","Ciffre de sources internationales",""
"MK","Indicateurs macro","434","Libye","6119","Valeur US $ par habitant","22008","Produit Intérieur Brut","2017","2017","US$","10529.116269","X","Ciffre de sources internationales",""
"MK","Indicateurs macro","434","Libye","6129","Croissance annuelle US$","22008","Produit Intérieur Brut","2017","2017","%","34.551484","X","Ciffre de sources internationales",""
"MK","Indicateurs macro","438","Liechtenstein","6119","Valeur US $ par habitant","22008","Produit Intérieur Brut","2017","2017","US$","170875.739911","X","Ciffre de sources internationales",""
"MK","Indicateurs macro","438","Liechtenstein","6129","Croissance annuelle US$","22008","Produit Intérieur Brut","2017","2017","%","3.799903","X","Ciffre de sources internationales",""
"MK","Indicateurs macro","440","Lituanie","6119","Valeur US $ par habitant","22008","Produit Intérieur Brut","2017","2017","US$","16443.298019","X","Ciffre de sources internationales",""
"MK","Indicateurs macro","440","Lituanie","6129","Croissance annuelle US$","22008","Produit Intérieur Brut","2017","2017","%","11.020131","X","Ciffre de sources internationales",""
"MK","Indicateurs macro","442","Luxembourg","6119","Valeur US $ par habitant","22008","Produit Intérieur Brut","2017","2017","US$","110203.008207","X","Ciffre de sources internationales",""
"MK","Indicateurs macro","442","Luxembourg","6129","Croissance annuelle US$","22008","Produit Intérieur Brut","2017","2017","%","5.689666","X","Ciffre de sources internationales",""
"MK","Indicateurs macro","807","Macédoine du Nord","6119","Valeur US $ par habitant","22008","Produit Intérieur Brut","2017","2017","US$","5353.775388","X","Ciffre de sources internationales",""
"MK","Indicateurs macro","807","Macédoine du Nord","6129","Croissance annuelle US$","22008","Produit Intérieur Brut","2017","2017","%","5.94611","X","Ciffre de sources internationales",""
"MK","Indicateurs macro","450","Madagascar","6119","Valeur US $ par habitant","22008","Produit Intérieur Brut","2017","2017","US$","503.498059","X","Ciffre de sources internationales",""
"MK","Indicateurs macro","450","Madagascar","6129","Croissance annuelle US$","22008","Produit Intérieur Brut","2017","2017","%","11.205527","X","Ciffre de sources internationales",""
"MK","Indicateurs macro","458","Malaisie","6119","Valeur US $ par habitant","22008","Produit Intérieur Brut","2017","2017","US$","9979.704757","X","Ciffre de sources internationales",""
"MK","Indicateurs macro","458","Malaisie","6129","Croissance annuelle US$","22008","Produit Intérieur Brut","2017","2017","%","5.926432","X","Ciffre de sources internationales",""
"MK","Indicateurs macro","454","Malawi","6119","Valeur US $ par habitant","22008","Produit Intérieur Brut","2017","2017","US$","500.165554","X","Ciffre de sources internationales",""
"MK","Indicateurs macro","454","Malawi","6129","Croissance annuelle US$","22008","Produit Intérieur Brut","2017","2017","%","25.544369","X","Ciffre de sources internationales",""
"MK","Indicateurs macro","462","Maldives","6119","Valeur US $ par habitant","22008","Produit Intérieur Brut","2017","2017","US$","10063.003709","X","Ciffre de sources internationales",""
"MK","Indicateurs macro","462","Maldives","6129","Croissance annuelle US$","22008","Produit Intérieur Brut","2017","2017","%","8.564508","X","Ciffre de sources internationales",""
"MK","Indicateurs macro","466","Mali","6119","Valeur US $ par habitant","22008","Produit Intérieur Brut","2017","2017","US$","795.682802","X","Ciffre de sources internationales",""
"MK","Indicateurs macro","466","Mali","6129","Croissance annuelle US$","22008","Produit Intérieur Brut","2017","2017","%","9.551262","X","Ciffre de sources internationales",""
"MK","Indicateurs macro","470","Malte","6119","Valeur US $ par habitant","22008","Produit Intérieur Brut","2017","2017","US$","28122.28717","X","Ciffre de sources internationales",""
"MK","Indicateurs macro","470","Malte","6129","Croissance annuelle US$","22008","Produit Intérieur Brut","2017","2017","%","15.647408","X","Ciffre de sources internationales",""
"MK","Indicateurs macro","504","Maroc","6119","Valeur US $ par habitant","22008","Produit Intérieur Brut","2017","2017","US$","3336.528682","X","Ciffre de sources internationales",""
"MK","Indicateurs macro","504","Maroc","6129","Croissance annuelle US$","22008","Produit Intérieur Brut","2017","2017","%","6.244908","X","Ciffre de sources internationales",""
"MK","Indicateurs macro","480","Maurice","6119","Valeur US $ par habitant","22008","Produit Intérieur Brut","2017","2017","US$","10591.698261","X","Ciffre de sources internationales",""
"MK","Indicateurs macro","480","Maurice","6129","Croissance annuelle US$","22008","Produit Intérieur Brut","2017","2017","%","8.887858","X","Ciffre de sources internationales",""
"MK","Indicateurs macro","478","Mauritanie","6119","Valeur US $ par habitant","22008","Produit Intérieur Brut","2017","2017","US$","1634.642174","X","Ciffre de sources internationales",""
"MK","Indicateurs macro","478","Mauritanie","6129","Croissance annuelle US$","22008","Produit Intérieur Brut","2017","2017","%","6.272921","X","Ciffre de sources internationales",""
"MK","Indicateurs macro","484","Mexique","6119","Valeur US $ par habitant","22008","Produit Intérieur Brut","2017","2017","US$","9434.378179","X","Ciffre de sources internationales",""
"MK","Indicateurs macro","484","Mexique","6129","Croissance annuelle US$","22008","Produit Intérieur Brut","2017","2017","%","7.456603","X","Ciffre de sources internationales",""
"MK","Indicateurs macro","583","Micronésie (États fédérés de)","6119","Valeur US $ par habitant","22008","Produit Intérieur Brut","2017","2017","US$","3320.355058","X","Ciffre de sources internationales",""
"MK","Indicateurs macro","583","Micronésie (États fédérés de)","6129","Croissance annuelle US$","22008","Produit Intérieur Brut","2017","2017","%","10.353672","X","Ciffre de sources internationales",""
"MK","Indicateurs macro","492","Monaco","6119","Valeur US $ par habitant","22008","Produit Intérieur Brut","2017","2017","US$","173611.814797","X","Ciffre de sources internationales",""
"MK","Indicateurs macro","492","Monaco","6129","Croissance annuelle US$","22008","Produit Intérieur Brut","2017","2017","%","-0.574747","X","Ciffre de sources internationales",""
"MK","Indicateurs macro","496","Mongolie","6119","Valeur US $ par habitant","22008","Produit Intérieur Brut","2017","2017","US$","3708.248166","X","Ciffre de sources internationales",""
"MK","Indicateurs macro","496","Mongolie","6129","Croissance annuelle US$","22008","Produit Intérieur Brut","2017","2017","%","2.678539","X","Ciffre de sources internationales",""
"MK","Indicateurs macro","499","Monténégro","6119","Valeur US $ par habitant","22008","Produit Intérieur Brut","2017","2017","US$","7679.191234","X","Ciffre de sources internationales",""
"MK","Indicateurs macro","499","Monténégro","6129","Croissance annuelle US$","22008","Produit Intérieur Brut","2017","2017","%","11.035055","X","Ciffre de sources internationales",""
"MK","Indicateurs macro","500","Montserrat","6119","Valeur US $ par habitant","22008","Produit Intérieur Brut","2017","2017","US$","12697.737107","X","Ciffre de sources internationales",""
"MK","Indicateurs macro","500","Montserrat","6129","Croissance annuelle US$","22008","Produit Intérieur Brut","2017","2017","%","-5.045385","X","Ciffre de sources internationales",""
"MK","Indicateurs macro","508","Mozambique","6119","Valeur US $ par habitant","22008","Produit Intérieur Brut","2017","2017","US$","462.69997","X","Ciffre de sources internationales",""
"MK","Indicateurs macro","508","Mozambique","6129","Croissance annuelle US$","22008","Produit Intérieur Brut","2017","2017","%","10.740446","X","Ciffre de sources internationales",""
"MK","Indicateurs macro","104","Myanmar","6119","Valeur US $ par habitant","22008","Produit Intérieur Brut","2017","2017","US$","1304.481669","X","Ciffre de sources internationales",""
"MK","Indicateurs macro","104","Myanmar","6129","Croissance annuelle US$","22008","Produit Intérieur Brut","2017","2017","%","1.849354","X","Ciffre de sources internationales",""
"MK","Indicateurs macro","516","Namibie","6119","Valeur US $ par habitant","22008","Produit Intérieur Brut","2017","2017","US$","5450.334513","X","Ciffre de sources internationales",""
"MK","Indicateurs macro","516","Namibie","6129","Croissance annuelle US$","22008","Produit Intérieur Brut","2017","2017","%","20.196593","X","Ciffre de sources internationales",""
"MK","Indicateurs macro","520","Nauru","6119","Valeur US $ par habitant","22008","Produit Intérieur Brut","2017","2017","US$","11020.663091","X","Ciffre de sources internationales",""
"MK","Indicateurs macro","520","Nauru","6129","Croissance annuelle US$","22008","Produit Intérieur Brut","2017","2017","%","8.949262","X","Ciffre de sources internationales",""
"MK","Indicateurs macro","524","Népal","6119","Valeur US $ par habitant","22008","Produit Intérieur Brut","2017","2017","US$","1044.692515","X","Ciffre de sources internationales",""
"MK","Indicateurs macro","524","Népal","6129","Croissance annuelle US$","22008","Produit Intérieur Brut","2017","2017","%","21.222377","X","Ciffre de sources internationales",""
"MK","Indicateurs macro","558","Nicaragua","6119","Valeur US $ par habitant","22008","Produit Intérieur Brut","2017","2017","US$","2127.277953","X","Ciffre de sources internationales",""
"MK","Indicateurs macro","558","Nicaragua","6129","Croissance annuelle US$","22008","Produit Intérieur Brut","2017","2017","%","3.761825","X","Ciffre de sources internationales",""
"MK","Indicateurs macro","562","Niger","6119","Valeur US $ par habitant","22008","Produit Intérieur Brut","2017","2017","US$","514.543477","X","Ciffre de sources internationales",""
"MK","Indicateurs macro","562","Niger","6129","Croissance annuelle US$","22008","Produit Intérieur Brut","2017","2017","%","7.560848","X","Ciffre de sources internationales",""
"MK","Indicateurs macro","566","Nigéria","6119","Valeur US $ par habitant","22008","Produit Intérieur Brut","2017","2017","US$","1941.873934","X","Ciffre de sources internationales",""
"MK","Indicateurs macro","566","Nigéria","6129","Croissance annuelle US$","22008","Produit Intérieur Brut","2017","2017","%","-7.143094","X","Ciffre de sources internationales",""
"MK","Indicateurs macro","578","Norvège","6119","Valeur US $ par habitant","22008","Produit Intérieur Brut","2017","2017","US$","75490.688444","X","Ciffre de sources internationales",""
"MK","Indicateurs macro","578","Norvège","6129","Croissance annuelle US$","22008","Produit Intérieur Brut","2017","2017","%","8.018554","X","Ciffre de sources internationales",""
"MK","Indicateurs macro","540","Nouvelle-Calédonie","6119","Valeur US $ par habitant","22008","Produit Intérieur Brut","2017","2017","US$","32263.340715","X","Ciffre de sources internationales",""
"MK","Indicateurs macro","540","Nouvelle-Calédonie","6129","Croissance annuelle US$","22008","Produit Intérieur Brut","2017","2017","%","5.223313","X","Ciffre de sources internationales",""
"MK","Indicateurs macro","554","Nouvelle-Zélande","6119","Valeur US $ par habitant","22008","Produit Intérieur Brut","2017","2017","US$","43534.089383","X","Ciffre de sources internationales",""
"MK","Indicateurs macro","554","Nouvelle-Zélande","6129","Croissance annuelle US$","22008","Produit Intérieur Brut","2017","2017","%","9.418328","X","Ciffre de sources internationales",""
"MK","Indicateurs macro","512","Oman","6119","Valeur US $ par habitant","22008","Produit Intérieur Brut","2017","2017","US$","17802.548365","X","Ciffre de sources internationales",""
"MK","Indicateurs macro","512","Oman","6129","Croissance annuelle US$","22008","Produit Intérieur Brut","2017","2017","%","7.623862","X","Ciffre de sources internationales",""
"MK","Indicateurs macro","800","Ouganda","6119","Valeur US $ par habitant","22008","Produit Intérieur Brut","2017","2017","US$","787.332281","X","Ciffre de sources internationales",""
"MK","Indicateurs macro","800","Ouganda","6129","Croissance annuelle US$","22008","Produit Intérieur Brut","2017","2017","%","3.654885","X","Ciffre de sources internationales",""
"MK","Indicateurs macro","860","Ouzbékistan","6119","Valeur US $ par habitant","22008","Produit Intérieur Brut","2017","2017","US$","1943.340034","X","Ciffre de sources internationales",""
"MK","Indicateurs macro","860","Ouzbékistan","6129","Croissance annuelle US$","22008","Produit Intérieur Brut","2017","2017","%","-27.928308","X","Ciffre de sources internationales",""
"MK","Indicateurs macro","586","Pakistan","6119","Valeur US $ par habitant","22008","Produit Intérieur Brut","2017","2017","US$","1558.080077","X","Ciffre de sources internationales",""
"MK","Indicateurs macro","586","Pakistan","6129","Croissance annuelle US$","22008","Produit Intérieur Brut","2017","2017","%","7.934224","X","Ciffre de sources internationales",""
"MK","Indicateurs macro","585","Palaos","6119","Valeur US $ par habitant","22008","Produit Intérieur Brut","2017","2017","US$","16012.980378","X","Ciffre de sources internationales",""
"MK","Indicateurs macro","585","Palaos","6129","Croissance annuelle US$","22008","Produit Intérieur Brut","2017","2017","%","-4.488809","X","Ciffre de sources internationales",""
"MK","Indicateurs macro","275","Palestine","6119","Valeur US $ par habitant","22008","Produit Intérieur Brut","2017","2017","US$","3430.798092","X","Ciffre de sources internationales",""
"MK","Indicateurs macro","275","Palestine","6129","Croissance annuelle US$","22008","Produit Intérieur Brut","2017","2017","%","4.690563","X","Ciffre de sources internationales",""
"MK","Indicateurs macro","591","Panama","6119","Valeur US $ par habitant","22008","Produit Intérieur Brut","2017","2017","US$","15185.978635","X","Ciffre de sources internationales",""
"MK","Indicateurs macro","591","Panama","6129","Croissance annuelle US$","22008","Produit Intérieur Brut","2017","2017","%","7.417027","X","Ciffre de sources internationales",""
"MK","Indicateurs macro","598","Papouasie-Nouvelle-Guinée","6119","Valeur US $ par habitant","22008","Produit Intérieur Brut","2017","2017","US$","2495.140473","X","Ciffre de sources internationales",""
"MK","Indicateurs macro","598","Papouasie-Nouvelle-Guinée","6129","Croissance annuelle US$","22008","Produit Intérieur Brut","2017","2017","%","9.556306","X","Ciffre de sources internationales",""
"MK","Indicateurs macro","600","Paraguay","6119","Valeur US $ par habitant","22008","Produit Intérieur Brut","2017","2017","US$","6136.058354","X","Ciffre de sources internationales",""
"MK","Indicateurs macro","600","Paraguay","6129","Croissance annuelle US$","22008","Produit Intérieur Brut","2017","2017","%","8.05612","X","Ciffre de sources internationales",""
"MK","Indicateurs macro","528","Pays-Bas (Royaume des)","6119","Valeur US $ par habitant","22008","Produit Intérieur Brut","2017","2017","US$","48460.51296","X","Ciffre de sources internationales",""
"MK","Indicateurs macro","528","Pays-Bas (Royaume des)","6129","Croissance annuelle US$","22008","Produit Intérieur Brut","2017","2017","%","6.424971","X","Ciffre de sources internationales",""
"MK","Indicateurs macro","604","Pérou","6119","Valeur US $ par habitant","22008","Produit Intérieur Brut","2017","2017","US$","6676.307788","X","Ciffre de sources internationales",""
"MK","Indicateurs macro","604","Pérou","6129","Croissance annuelle US$","22008","Produit Intérieur Brut","2017","2017","%","9.958317","X","Ciffre de sources internationales",""
"MK","Indicateurs macro","608","Philippines","6119","Valeur US $ par habitant","22008","Produit Intérieur Brut","2017","2017","US$","3077.434432","X","Ciffre de sources internationales",""
"MK","Indicateurs macro","608","Philippines","6129","Croissance annuelle US$","22008","Produit Intérieur Brut","2017","2017","%","3.09256","X","Ciffre de sources internationales",""
"MK","Indicateurs macro","616","Pologne","6119","Valeur US $ par habitant","22008","Produit Intérieur Brut","2017","2017","US$","13615.440435","X","Ciffre de sources internationales",""
"MK","Indicateurs macro","616","Pologne","6129","Croissance annuelle US$","22008","Produit Intérieur Brut","2017","2017","%","11.619955","X","Ciffre de sources internationales",""
"MK","Indicateurs macro","258","Polynésie française","6119","Valeur US $ par habitant","22008","Produit Intérieur Brut","2017","2017","US$","19743.958993","X","Ciffre de sources internationales",""
"MK","Indicateurs macro","258","Polynésie française","6129","Croissance annuelle US$","22008","Produit Intérieur Brut","2017","2017","%","6.190222","X","Ciffre de sources internationales",""
"MK","Indicateurs macro","630","Porto Rico","6119","Valeur US $ par habitant","22008","Produit Intérieur Brut","2017","2017","US$","30728.74708","X","Ciffre de sources internationales",""
"MK","Indicateurs macro","630","Porto Rico","6129","Croissance annuelle US$","22008","Produit Intérieur Brut","2017","2017","%","-0.854158","X","Ciffre de sources internationales",""
"MK","Indicateurs macro","620","Portugal","6119","Valeur US $ par habitant","22008","Produit Intérieur Brut","2017","2017","US$","21475.355853","X","Ciffre de sources internationales",""
"MK","Indicateurs macro","620","Portugal","6129","Croissance annuelle US$","22008","Produit Intérieur Brut","2017","2017","%","7.306288","X","Ciffre de sources internationales",""
"MK","Indicateurs macro","634","Qatar","6119","Valeur US $ par habitant","22008","Produit Intérieur Brut","2017","2017","US$","59407.698046","X","Ciffre de sources internationales",""
"MK","Indicateurs macro","634","Qatar","6129","Croissance annuelle US$","22008","Produit Intérieur Brut","2017","2017","%","6.173337","X","Ciffre de sources internationales",""
"MK","Indicateurs macro","760","République arabe syrienne","6119","Valeur US $ par habitant","22008","Produit Intérieur Brut","2017","2017","US$","889.402601","X","Ciffre de sources internationales",""
"MK","Indicateurs macro","760","République arabe syrienne","6129","Croissance annuelle US$","22008","Produit Intérieur Brut","2017","2017","%","27.042527","X","Ciffre de sources internationales",""
"MK","Indicateurs macro","140","République centrafricaine","6119","Valeur US $ par habitant","22008","Produit Intérieur Brut","2017","2017","US$","414.740323","X","Ciffre de sources internationales",""
"MK","Indicateurs macro","140","République centrafricaine","6129","Croissance annuelle US$","22008","Produit Intérieur Brut","2017","2017","%","13.55225","X","Ciffre de sources internationales",""
"MK","Indicateurs macro","410","République de Corée","6119","Valeur US $ par habitant","22008","Produit Intérieur Brut","2017","2017","US$","31524.94267","X","Ciffre de sources internationales",""
"MK","Indicateurs macro","410","République de Corée","6129","Croissance annuelle US$","22008","Produit Intérieur Brut","2017","2017","%","8.252047","X","Ciffre de sources internationales",""
"MK","Indicateurs macro","498","République de Moldova","6119","Valeur US $ par habitant","22008","Produit Intérieur Brut","2017","2017","US$","3040.315517","X","Ciffre de sources internationales",""
"MK","Indicateurs macro","498","République de Moldova","6129","Croissance annuelle US$","22008","Produit Intérieur Brut","2017","2017","%","19.801504","X","Ciffre de sources internationales",""
"MK","Indicateurs macro","180","République démocratique du Congo","6119","Valeur US $ par habitant","22008","Produit Intérieur Brut","2017","2017","US$","446.618447","X","Ciffre de sources internationales",""
"MK","Indicateurs macro","180","République démocratique du Congo","6129","Croissance annuelle US$","22008","Produit Intérieur Brut","2017","2017","%","-6.681245","X","Ciffre de sources internationales",""
"MK","Indicateurs macro","418","République démocratique populaire lao","6119","Valeur US $ par habitant","22008","Produit Intérieur Brut","2017","2017","US$","2439.462412","X","Ciffre de sources internationales",""
"MK","Indicateurs macro","418","République démocratique populaire lao","6129","Croissance annuelle US$","22008","Produit Intérieur Brut","2017","2017","%","8.006374","X","Ciffre de sources internationales",""
"MK","Indicateurs macro","214","République dominicaine","6119","Valeur US $ par habitant","22008","Produit Intérieur Brut","2017","2017","US$","7513.497951","X","Ciffre de sources internationales",""
"MK","Indicateurs macro","214","République dominicaine","6129","Croissance annuelle US$","22008","Produit Intérieur Brut","2017","2017","%","5.702298","X","Ciffre de sources internationales",""
"MK","Indicateurs macro","408","République populaire démocratique de Corée","6119","Valeur US $ par habitant","22008","Produit Intérieur Brut","2017","2017","US$","680.534037","X","Ciffre de sources internationales",""
"MK","Indicateurs macro","408","République populaire démocratique de Corée","6129","Croissance annuelle US$","22008","Produit Intérieur Brut","2017","2017","%","3.446525","X","Ciffre de sources internationales",""
"MK","Indicateurs macro","834","République-Unie de Tanzanie","6119","Valeur US $ par habitant","22008","Produit Intérieur Brut","2017","2017","US$","972.626009","X","Ciffre de sources internationales",""
"MK","Indicateurs macro","834","République-Unie de Tanzanie","6129","Croissance annuelle US$","22008","Produit Intérieur Brut","2017","2017","%","7.231981","X","Ciffre de sources internationales",""
"MK","Indicateurs macro","642","Roumanie","6119","Valeur US $ par habitant","22008","Produit Intérieur Brut","2017","2017","US$","10667.990723","X","Ciffre de sources internationales",""
"MK","Indicateurs macro","642","Roumanie","6129","Croissance annuelle US$","22008","Produit Intérieur Brut","2017","2017","%","13.416744","X","Ciffre de sources internationales",""
"MK","Indicateurs macro","826","Royaume-Uni de Grande-Bretagne et d'Irlande du Nord","6119","Valeur US $ par habitant","22008","Produit Intérieur Brut","2017","2017","US$","40617.67907","X","Ciffre de sources internationales",""
"MK","Indicateurs macro","826","Royaume-Uni de Grande-Bretagne et d'Irlande du Nord","6129","Croissance annuelle US$","22008","Produit Intérieur Brut","2017","2017","%","-0.602324","X","Ciffre de sources internationales",""
"MK","Indicateurs macro","646","Rwanda","6119","Valeur US $ par habitant","22008","Produit Intérieur Brut","2017","2017","US$","756.546025","X","Ciffre de sources internationales",""
"MK","Indicateurs macro","646","Rwanda","6129","Croissance annuelle US$","22008","Produit Intérieur Brut","2017","2017","%","6.464369","X","Ciffre de sources internationales",""
"MK","Indicateurs macro","662","Sainte-Lucie","6119","Valeur US $ par habitant","22008","Produit Intérieur Brut","2017","2017","US$","11270.8092","X","Ciffre de sources internationales",""
"MK","Indicateurs macro","662","Sainte-Lucie","6129","Croissance annuelle US$","22008","Produit Intérieur Brut","2017","2017","%","7.035889","X","Ciffre de sources internationales",""
"MK","Indicateurs macro","659","Saint-Kitts-et-Nevis","6119","Valeur US $ par habitant","22008","Produit Intérieur Brut","2017","2017","US$","22160.60363","X","Ciffre de sources internationales",""
"MK","Indicateurs macro","659","Saint-Kitts-et-Nevis","6129","Croissance annuelle US$","22008","Produit Intérieur Brut","2017","2017","%","5.043591","X","Ciffre de sources internationales",""
"MK","Indicateurs macro","674","Saint-Marin","6119","Valeur US $ par habitant","22008","Produit Intérieur Brut","2017","2017","US$","44885.517828","X","Ciffre de sources internationales",""
"MK","Indicateurs macro","674","Saint-Marin","6129","Croissance annuelle US$","22008","Produit Intérieur Brut","2017","2017","%","4.175943","X","Ciffre de sources internationales",""
"MK","Indicateurs macro","670","Saint-Vincent-et-les Grenadines","6119","Valeur US $ par habitant","22008","Produit Intérieur Brut","2017","2017","US$","8030.568916","X","Ciffre de sources internationales",""
"MK","Indicateurs macro","670","Saint-Vincent-et-les Grenadines","6129","Croissance annuelle US$","22008","Produit Intérieur Brut","2017","2017","%","4.091202","X","Ciffre de sources internationales",""
"MK","Indicateurs macro","882","Samoa","6119","Valeur US $ par habitant","22008","Produit Intérieur Brut","2017","2017","US$","4246.467778","X","Ciffre de sources internationales",""
"MK","Indicateurs macro","882","Samoa","6129","Croissance annuelle US$","22008","Produit Intérieur Brut","2017","2017","%","1.322201","X","Ciffre de sources internationales",""
"MK","Indicateurs macro","678","Sao Tomé-et-Principe","6119","Valeur US $ par habitant","22008","Produit Intérieur Brut","2017","2017","US$","1819.871902","X","Ciffre de sources internationales",""
"MK","Indicateurs macro","678","Sao Tomé-et-Principe","6129","Croissance annuelle US$","22008","Produit Intérieur Brut","2017","2017","%","8.934433","X","Ciffre de sources internationales",""
"MK","Indicateurs macro","686","Sénégal","6119","Valeur US $ par habitant","22008","Produit Intérieur Brut","2017","2017","US$","1385.199669","X","Ciffre de sources internationales",""
"MK","Indicateurs macro","686","Sénégal","6129","Croissance annuelle US$","22008","Produit Intérieur Brut","2017","2017","%","10.274254","X","Ciffre de sources internationales",""
"MK","Indicateurs macro","688","Serbie","6119","Valeur US $ par habitant","22008","Produit Intérieur Brut","2017","2017","US$","5918.256598","X","Ciffre de sources internationales",""
"MK","Indicateurs macro","688","Serbie","6129","Croissance annuelle US$","22008","Produit Intérieur Brut","2017","2017","%","8.567672","X","Ciffre de sources internationales",""
"MK","Indicateurs macro","690","Seychelles","6119","Valeur US $ par habitant","22008","Produit Intérieur Brut","2017","2017","US$","15025.544347","X","Ciffre de sources internationales",""
"MK","Indicateurs macro","690","Seychelles","6129","Croissance annuelle US$","22008","Produit Intérieur Brut","2017","2017","%","4.853477","X","Ciffre de sources internationales",""
"MK","Indicateurs macro","694","Sierra Leone","6119","Valeur US $ par habitant","22008","Produit Intérieur Brut","2017","2017","US$","487.010035","X","Ciffre de sources internationales",""
"MK","Indicateurs macro","694","Sierra Leone","6129","Croissance annuelle US$","22008","Produit Intérieur Brut","2017","2017","%","-3.201634","X","Ciffre de sources internationales",""
"MK","Indicateurs macro","702","Singapour","6119","Valeur US $ par habitant","22008","Produit Intérieur Brut","2017","2017","US$","59534.723394","X","Ciffre de sources internationales",""
"MK","Indicateurs macro","702","Singapour","6129","Croissance annuelle US$","22008","Produit Intérieur Brut","2017","2017","%","7.64233","X","Ciffre de sources internationales",""
"MK","Indicateurs macro","534","Sint Maarten (partie néerlandaise)","6119","Valeur US $ par habitant","22008","Produit Intérieur Brut","2017","2017","US$","30784.079673","X","Ciffre de sources internationales",""
"MK","Indicateurs macro","534","Sint Maarten (partie néerlandaise)","6129","Croissance annuelle US$","22008","Produit Intérieur Brut","2017","2017","%","-8.026143","X","Ciffre de sources internationales",""
"MK","Indicateurs macro","703","Slovaquie","6119","Valeur US $ par habitant","22008","Produit Intérieur Brut","2017","2017","US$","17584.598912","X","Ciffre de sources internationales",""
"MK","Indicateurs macro","703","Slovaquie","6129","Croissance annuelle US$","22008","Produit Intérieur Brut","2017","2017","%","6.405857","X","Ciffre de sources internationales",""
"MK","Indicateurs macro","705","Slovénie","6119","Valeur US $ par habitant","22008","Produit Intérieur Brut","2017","2017","US$","23155.397106","X","Ciffre de sources internationales",""
"MK","Indicateurs macro","705","Slovénie","6129","Croissance annuelle US$","22008","Produit Intérieur Brut","2017","2017","%","8.612164","X","Ciffre de sources internationales",""
"MK","Indicateurs macro","706","Somalie","6119","Valeur US $ par habitant","22008","Produit Intérieur Brut","2017","2017","US$","377.349744","X","Ciffre de sources internationales",""
"MK","Indicateurs macro","706","Somalie","6129","Croissance annuelle US$","22008","Produit Intérieur Brut","2017","2017","%","1.355458","X","Ciffre de sources internationales",""
"MK","Indicateurs macro","729","Soudan","6119","Valeur US $ par habitant","22008","Produit Intérieur Brut","2017","2017","US$","3000.817257","X","Ciffre de sources internationales",""
"MK","Indicateurs macro","729","Soudan","6129","Croissance annuelle US$","22008","Produit Intérieur Brut","2017","2017","%","36.133401","X","Ciffre de sources internationales",""
"MK","Indicateurs macro","728","Soudan du Sud","6119","Valeur US $ par habitant","22008","Produit Intérieur Brut","2017","2017","US$","335.080621","X","Ciffre de sources internationales",""
"MK","Indicateurs macro","728","Soudan du Sud","6129","Croissance annuelle US$","22008","Produit Intérieur Brut","2017","2017","%","9.003176","X","Ciffre de sources internationales",""
"MK","Indicateurs macro","144","Sri Lanka","6119","Valeur US $ par habitant","22008","Produit Intérieur Brut","2017","2017","US$","4065.135897","X","Ciffre de sources internationales",""
"MK","Indicateurs macro","144","Sri Lanka","6129","Croissance annuelle US$","22008","Produit Intérieur Brut","2017","2017","%","6.100725","X","Ciffre de sources internationales",""
"MK","Indicateurs macro","752","Suède","6119","Valeur US $ par habitant","22008","Produit Intérieur Brut","2017","2017","US$","53788.877499","X","Ciffre de sources internationales",""
"MK","Indicateurs macro","752","Suède","6129","Croissance annuelle US$","22008","Produit Intérieur Brut","2017","2017","%","4.91881","X","Ciffre de sources internationales",""
"MK","Indicateurs macro","756","Suisse","6119","Valeur US $ par habitant","22008","Produit Intérieur Brut","2017","2017","US$","83353.597567","X","Ciffre de sources internationales",""
"MK","Indicateurs macro","756","Suisse","6129","Croissance annuelle US$","22008","Produit Intérieur Brut","2017","2017","%","1.276287","X","Ciffre de sources internationales",""
"MK","Indicateurs macro","740","Suriname","6119","Valeur US $ par habitant","22008","Produit Intérieur Brut","2017","2017","US$","5774.654844","X","Ciffre de sources internationales",""
"MK","Indicateurs macro","740","Suriname","6129","Croissance annuelle US$","22008","Produit Intérieur Brut","2017","2017","%","8.032231","X","Ciffre de sources internationales",""
"MK","Indicateurs macro","762","Tadjikistan","6119","Valeur US $ par habitant","22008","Produit Intérieur Brut","2017","2017","US$","844.36525","X","Ciffre de sources internationales",""
"MK","Indicateurs macro","762","Tadjikistan","6129","Croissance annuelle US$","22008","Produit Intérieur Brut","2017","2017","%","7.779672","X","Ciffre de sources internationales",""
"MK","Indicateurs macro","148","Tchad","6119","Valeur US $ par habitant","22008","Produit Intérieur Brut","2017","2017","US$","884.869685","X","Ciffre de sources internationales",""
"MK","Indicateurs macro","148","Tchad","6129","Croissance annuelle US$","22008","Produit Intérieur Brut","2017","2017","%","2.122354","X","Ciffre de sources internationales",""
"MK","Indicateurs macro","203","Tchéquie","6119","Valeur US $ par habitant","22008","Produit Intérieur Brut","2017","2017","US$","20759.909712","X","Ciffre de sources internationales",""
"MK","Indicateurs macro","203","Tchéquie","6129","Croissance annuelle US$","22008","Produit Intérieur Brut","2017","2017","%","11.390755","X","Ciffre de sources internationales",""
"MK","Indicateurs macro","764","Thaïlande","6119","Valeur US $ par habitant","22008","Produit Intérieur Brut","2017","2017","US$","6436.789649","X","Ciffre de sources internationales",""
"MK","Indicateurs macro","764","Thaïlande","6129","Croissance annuelle US$","22008","Produit Intérieur Brut","2017","2017","%","10.400088","X","Ciffre de sources internationales",""
"MK","Indicateurs macro","626","Timor-Leste","6119","Valeur US $ par habitant","22008","Produit Intérieur Brut","2017","2017","US$","1299.520764","X","Ciffre de sources internationales",""
"MK","Indicateurs macro","626","Timor-Leste","6129","Croissance annuelle US$","22008","Produit Intérieur Brut","2017","2017","%","-2.120951","X","Ciffre de sources internationales",""
"MK","Indicateurs macro","768","Togo","6119","Valeur US $ par habitant","22008","Produit Intérieur Brut","2017","2017","US$","813.395007","X","Ciffre de sources internationales",""
"MK","Indicateurs macro","768","Togo","6129","Croissance annuelle US$","22008","Produit Intérieur Brut","2017","2017","%","5.209157","X","Ciffre de sources internationales",""
"MK","Indicateurs macro","776","Tonga","6119","Valeur US $ par habitant","22008","Produit Intérieur Brut","2017","2017","US$","4376.266009","X","Ciffre de sources internationales",""
"MK","Indicateurs macro","776","Tonga","6129","Croissance annuelle US$","22008","Produit Intérieur Brut","2017","2017","%","9.60203","X","Ciffre de sources internationales",""
"MK","Indicateurs macro","780","Trinité-et-Tobago","6119","Valeur US $ par habitant","22008","Produit Intérieur Brut","2017","2017","US$","16094.666782","X","Ciffre de sources internationales",""
"MK","Indicateurs macro","780","Trinité-et-Tobago","6129","Croissance annuelle US$","22008","Produit Intérieur Brut","2017","2017","%","1.283062","X","Ciffre de sources internationales",""
"MK","Indicateurs macro","788","Tunisie","6119","Valeur US $ par habitant","22008","Produit Intérieur Brut","2017","2017","US$","3569.718839","X","Ciffre de sources internationales",""
"MK","Indicateurs macro","788","Tunisie","6129","Croissance annuelle US$","22008","Produit Intérieur Brut","2017","2017","%","-4.951605","X","Ciffre de sources internationales",""
"MK","Indicateurs macro","795","Turkménistan","6119","Valeur US $ par habitant","22008","Produit Intérieur Brut","2017","2017","US$","6738.439771","X","Ciffre de sources internationales",""
"MK","Indicateurs macro","795","Turkménistan","6129","Croissance annuelle US$","22008","Produit Intérieur Brut","2017","2017","%","11.192216","X","Ciffre de sources internationales",""
"MK","Indicateurs macro","792","Turquie","6119","Valeur US $ par habitant","22008","Produit Intérieur Brut","2017","2017","US$","10464.007788","X","Ciffre de sources internationales",""
"MK","Indicateurs macro","792","Turquie","6129","Croissance annuelle US$","22008","Produit Intérieur Brut","2017","2017","%","-1.229687","X","Ciffre de sources internationales",""
"MK","Indicateurs macro","798","Tuvalu","6119","Valeur US $ par habitant","22008","Produit Intérieur Brut","2017","2017","US$","4183.205886","X","Ciffre de sources internationales",""
"MK","Indicateurs macro","798","Tuvalu","6129","Croissance annuelle US$","22008","Produit Intérieur Brut","2017","2017","%","9.788253","X","Ciffre de sources internationales",""
"MK","Indicateurs macro","804","Ukraine","6119","Valeur US $ par habitant","22008","Produit Intérieur Brut","2017","2017","US$","2510.017662","X","Ciffre de sources internationales",""
"MK","Indicateurs macro","804","Ukraine","6129","Croissance annuelle US$","22008","Produit Intérieur Brut","2017","2017","%","20.067977","X","Ciffre de sources internationales",""
"MK","Indicateurs macro","858","Uruguay","6119","Valeur US $ par habitant","22008","Produit Intérieur Brut","2017","2017","US$","18769.787523","X","Ciffre de sources internationales",""
"MK","Indicateurs macro","858","Uruguay","6129","Croissance annuelle US$","22008","Produit Intérieur Brut","2017","2017","%","12.225233","X","Ciffre de sources internationales",""
"MK","Indicateurs macro","548","Vanuatu","6119","Valeur US $ par habitant","22008","Produit Intérieur Brut","2017","2017","US$","3032.145892","X","Ciffre de sources internationales",""
"MK","Indicateurs macro","548","Vanuatu","6129","Croissance annuelle US$","22008","Produit Intérieur Brut","2017","2017","%","9.413919","X","Ciffre de sources internationales",""
"MK","Indicateurs macro","862","Venezuela (République bolivarienne du)","6119","Valeur US $ par habitant","22008","Produit Intérieur Brut","2017","2017","US$","8112.053374","X","Ciffre de sources internationales",""
"MK","Indicateurs macro","862","Venezuela (République bolivarienne du)","6129","Croissance annuelle US$","22008","Produit Intérieur Brut","2017","2017","%","-14.069328","X","Ciffre de sources internationales",""
"MK","Indicateurs macro","704","Viet Nam","6119","Valeur US $ par habitant","22008","Produit Intérieur Brut","2017","2017","US$","2992.071534","X","Ciffre de sources internationales",""
"MK","Indicateurs macro","704","Viet Nam","6129","Croissance annuelle US$","22008","Produit Intérieur Brut","2017","2017","%","9.435232","X","Ciffre de sources internationales",""
"MK","Indicateurs macro","887","Yémen","6119","Valeur US $ par habitant","22008","Produit Intérieur Brut","2017","2017","US$","612.353054","X","Ciffre de sources internationales",""
"MK","Indicateurs macro","887","Yémen","6129","Croissance annuelle US$","22008","Produit Intérieur Brut","2017","2017","%","-1.798505","X","Ciffre de sources internationales",""
"MK","Indicateurs macro","894","Zambie","6119","Valeur US $ par habitant","22008","Produit Intérieur Brut","2017","2017","US$","1495.437665","X","Ciffre de sources internationales",""
"MK","Indicateurs macro","894","Zambie","6129","Croissance annuelle US$","22008","Produit Intérieur Brut","2017","2017","%","20.582767","X","Ciffre de sources internationales",""
"MK","Indicateurs macro","716","Zimbabwe","6119","Valeur US $ par habitant","22008","Produit Intérieur Brut","2017","2017","US$","1494.170144","X","Ciffre de sources internationales",""
"MK","Indicateurs macro","716","Zimbabwe","6129","Croissance annuelle US$","22008","Produit Intérieur Brut","2017","2017","%","7.260693","X","Ciffre de sources internationales",""
